Key,Value
about_internal_strings,Cet ensemble contient des textes qui étaient encodés dans FALL.EXE et des textes spécifiques de Daggerfall Unity.
pleaseSelectYourHomeProvince,Choisissez votre province d'origine...
saveGame,Sauvegarder la partie
loadGame,Charger une partie
thingJustDied,%s vient de mourir.
gameSaved,Partie sauvegardée.
gameLoaded,Partie chargée.
thisHouseHasNothingOfValue,Aucun objet de valeur ici.
findLocationPrompt,Saisir le nom de l'endroit : 
rightHandEquipped,Main droite équipée.
leftHandEquipped,Main gauche équipée.
usingRightHand,Utiliser l'arme avec la main droite.
usingLeftHand,Utiliser l'arme avec la main gauche.
itemHasBroken,%s a cassé.
itemHasBrokenPlural,%s ont cassé.
cannotCarryGold,Vous ne pouvez pas transporter autant d'or.
cannotFloat,Vous êtes trop chargé pour rester à flots.
youHaveNoArrows,Vous n'avez pas de flèche.
oldSaveNoTrade,"Sauvegarde en intérieur chargée, la fenêtre de commerce ne va pas fonctionner, merci de sortir puis d'entrer à nouveau."
theBodyHasNoTreasure,Rien dans ce cadavre.
youAreTooFarAway,Vous êtes trop loin... 
youSeeAn,Vous voyez un %s.
youSeeA,Vous voyez un %s.
youSeeADeadPerson,Vous voyez un cadavre.
youSeeADead,Vous voyez un %s mort
youCollectArrows,Vous retirez vos flèches du cadavre.
loiterHowManyHours,Flâner pendant combien d'heures : 
restHowManyHours,Nombre d'heures pour se reposer :
potionRecipeFor,Récipient pour potion de %po
potionOf,Potion de %po
letterPrefix,Lettre : 
multipleAssignments,Assignation multiple de touches.
youAreEntering,Vous entrez dans %s
storeClosed,Magasin fermé. Ouvert de %d1:00 à %d2:00.
guildClosed,La guilde est fermée. Ouvert de %d1:00 à %d2:00.
any,%s
arkayDesc,Dieu de la naissance et de la mort
zenDesc,Dieu du travail et du commerce
maraDesc,Déesse de l'amour
akatoshDesc,Dieu du temps
julianosDesc,Dieu de la logique
dibellaDesc,Déesse de la beauté
stendarDesc,Dieu du pardon
kynarethDesc,Déesse de l'air
interactionIsNowInMode,L’interaction est maintenant en mode %s.
steal,voler
grab,prendre
info,info
dialogue,dialogue
residence,Résidence
youSee,Vous voyez %s.
theNamedResidence,Résidence de %s
playerResidence,Maison de %s
materialIneffective,Le matériau de votre arme est inefficace.
successfulBackstab,Attaque par derrière réussie !
languagePacified,Vous avez pacifié %e en utilisant votre compétence %s.
lockpickingSuccess,La serrure s'ouvre.
lockpickingFailure,Ça ne s'ouvre pas.
magicLock,Cette serrure est verrouillée par magie...
lockpickChance1,Cette serrure n'a rien à craindre de vous...
lockpickChance2,Que vous ouvriez cette serrure serait un miracle...
lockpickChance3,Cette serrure semble au-delà de vos compétence...
buildingNames,"Temple d'Akatosh
Temple d'Arkay
Temple de Dibella
Temple de Julianos
Temple de Kynareth
Temple de Mara
Temple de Stendarr
Temple de Zen
Ordre du Corbeau
Chevaliers du Dragon
Chevaliers du Hibou
Ordre de la Chandelle
Chevaliers de la Flamme
Ost du Cor
Chevaliers de la Rose
Chevaliers de la Roue
Ordre du Scarabée
Chevaliers du Faucon
Guilde des Mages
Guilde des Guerriers
Taverne
Bibliothèque
Forgeron d'armes
Armurier
Alchimiste
Banque
Librairie
Magasin de vêtements
Joaillerie
Prêteur sur gages"
lockpickChance,"Vous doutez de votre capacité à ouvrir cette serrure...
Cette serrure semble difficile...
Cette serrure va être un bon challenge...
Cette serrure va être intéressante...
Vous pensez pouvoir ouvrir cette serrure...
Cette serrure semble plutôt simple...
Cette serrure vous amuse...
La pauvre qualité de cette serrure vous fait rire...
Voilà qui ressemble bien peu à une serrure...
Cette serrure est une insulte à vos compétences..."
youPinchedGoldPiece,Vous prenez une pièce d'or.
youPinchedGoldPieces,Vous prenez %d pièces d'or.
youAreNotSuccessful,Vous échouez...
daysUntilFreedom,%d jours avant la liberté.
skillImprove,Votre capacité %s a augmenté.
mustDistributeBonusPoints,Vous devez distribuer tous les points bonus.
enterNewName,Saisir le nouveau nom : 
affiliation,Affiliation
rank,Rang
serviceQuests,Obtenir une quête
serviceSell,Vendre
serviceBanking,Banque
serviceIdentify,Identifier
serviceBuySpells,Acheter des sorts
serviceTraining,Entraînement
serviceTeleport,Téléportation
serviceMakeSpells,Faire des sorts
serviceBuyMagicItems,Acheter des objets magiques
serviceSellMagicItems,Vendre des objets magiques
serviceDaedraSummon,Invocation de Daedra
serviceMakeMagicItems,Faire des objets magiques
serviceRepairs,Réparer
serviceDonate,Faire un don
serviceCure,Guérir une maladie
serviceSpymaster,Maître-espion
serviceMakePotions,Faire des potions
serviceBuyPotions,Acheter des potions
serviceBuySoulgems,Acheter des pièges d'âme
serviceReceiveArmor,Recevoir une armure
serviceReceiveHouse,Recevoir une maison
serviceReceiveHouseAlready,Vous avez déjà obtenu votre maison.
accessMembersOnly,Vous devez être un membre de niveau suffisant pour accéder à ceci.
serviceCured,Vous êtes guéri.
serviceSummonCost1,"%pcn, le prix demandé pour que je tente"
serviceSummonCost2,une invocation de %dae est 
serviceSummonCost3, pièces d'or.
roomFreeForKnightSuchAsYou,La chambre est gratuite pour un chevalier tel que vous.
roomFreeDueToHeartsDay,La chambre est gratuite pour cause de Jour du Cœur.
youAreNotHungry,Vous n'avez pas faim.
exhaustedInWater,La fatigue vous submerge et vous emmène sur un rivage...
youFeelSomewhatBad,Vous vous sentez mal.
avoidDeath,"Par la grâce de Stendarr, vous avez survécu à une mort certaine !"
pronounHe,il
pronounShe,elle
pronounHim,le
pronounHer,la
pronounHis,son
pronounHers,sa
pronounHimself,lui-même
pronounHerself,elle-même
city,ville
village,village
hamlet,hameau
farm,ferme
shack,cabane
manor,manoir
community,communauté
shrine,sanctuaire
King,Roi
Queen,Reine
Duke,Duc
Duchess,Duchesse
Marquis,Marquis
Marquise,Marquise
Count,Comte
Countess,Comtesse
Baron,Baron
Baroness,Baronne
Lord,Seigneur
Lady,Dame
revered,révéré
esteemed,estimé
honored,honoré
admired,admiré
respected,respecté
dependable,fiable
aCommonCitizen,un citoyen normal
hated,haï
pondScum,minable
aVillain,un scélérat
aCriminal,un criminel
aScoundrel,un gredin
undependable,pas fiable
unknown,inconnu
Broken,Cassé
Useless,Inutile
Battered,Cabossé
Worn,Usé
Used,Utilisé
SlightlyUsed,Peu utilisé
AlmostNew, Presque neuf
New,Neuf
Nothing,Rien
local,local
tavern,taverne
Attempted_Breaking_And_Entering,Tentative d'effraction
Trespassing,Effraction
Breaking_And_Entering,Casse avec effraction
Assault,Attaque
Murder,Meurtre
Tax_Evasion,Évasion fiscale
Criminal_Conspiracy,Conspiration criminelle
Vagrancy,Vagabondage
Smuggling,Contrebande
Piracy,Piratage
High_Treason,Haute trahison
Pickpocketing,Vol à la tire
Theft,Vol
Treason,Trahison
Loan_Default,Emprunt par défaut
Regular_Punishment_String,%gtp pièces d'or d'amende et %dip jours de prison
Banishment,Bannissement
Execution,Exécution
cannotChangeTransportationIndoors,Pas de changement de transport en intérieur.
cannotTravelWithEnemiesNearby,Vous ne pouvez pas voyager avec des ennemis aux environs.
cannotTravelIndoors,Vous ne pouvez pas voyager quand vous êtes en intérieur.
powersUnknown,Pouvoir inconnu.
itemPowers,"Lancé quand utilisé :
Lancé quand tenu :
Lancé quand frappé :
Points de sort supp.
Fort contre
Régénère santé
Effet vampirique
Permet de porter davantage
Répare les objets
Absorbe les sorts
Améliore compétence
Allège
Renforce l'armure
Améliore les compétences
Bonne rép. avec
Lie une âme
Détériore les objets
L'utilisateur prend des dégâts
Problèmes de vision
Problèmes en marchant
Dégâts légers contre
Pompe la santé
Mauvaise réactions contre
Poids supplémentaire
Affaiblit armure
Mauvaise rép. avec"
enemyNames,"Rat
Diablotin
Spriggan
Chauve-souris géante
Ours grizzly
Tigre à dents de sabre
Araignée
Orque
Centaure
Loup-garou
Nymphe
Poisson-tueur
Sergent orque
Harpie
Sanglier-garou
Guerrier squelette
Géant
Zombie
Fantôme
Momie
Scorpion géant
Shaman orque
Gargouille
Spectre
Seigneur de guerre orque
Daedra du froid
Daedra du feu
Daedroth
Vampire
Séductrice daedra
Ancêtre vampire
Seigneur Daedra
Liche
Ancêtre liche
Dragonnet
Atronach de feu
Atronach de fer
Atronach de chair
Atronach de glace
Cheval
Dragonnet
Dreugh
Lamia
Mage
Mage guerrier
Mage de bataille
Sorcier
Guérisseur
Nightblade
Barde
Cambrioleur
Voyou
Acrobate
Voleur
Assassin
Moine
Archer
Ranger
Barbare
Guerrier
Chevalier
Garde urbain"
extraSpellPtsTimes,"durant l'hiver
durant le printemps
durant l'été
durant l'automne
à la pleine lune
à mi-lune
à la nouvelle lune
près de morts-vivants
près d'une daedra
près d'humanoïdes
près d'animaux"
regensHealthTimes,"toujours
au soleil
dans le noir"
vampiricEffectRanges,"à distance
quand touché"
increasedWeightAllowances,"25 % de plus
50 % de plus"
improvedTalents,"audition
athlétisme
poussée d'adrénaline"
itemDeteriorateLocations,"toujours
au soleil
dans les endroits saints"
userTakesDamageLocations,"au soleil
dans les endroits saints"
enemyGroupNames,"morts-vivants
Daedra
humanoïdes
animaux"
healthLeechStopConditions,"toujours
sauf si utilisé tous les jours
sauf si utilisé toutes les semaines"
badReactionFromEnemyGroups,"humanoïdes
animaux
Daedra"
repWithGroups,"Roturiers
Marchands
Érudits
Noblesse
Bas-fonds
Tous"
youReceiveGoldPieces,Vous recevez %s pièces d'or.
bankPurchasePrice,Prix : %s pièces d'or
youHaveRentedRoom,Vous avez une chambre à %s pour %d heures.
haveNotRentedRoom,Vous n'avez pas loué de chambre ici. 
expiredRentedRoom,Votre période de location pour cette chambre est terminée.
tavernAle,Bière (1 or)
tavernBeer,Bière (1 or)
tavernMead,Cidre (2 or)
tavernWine,Vin (3 or)
tavernBread,Pain (1 or)
tavernBroth,Soupe (1 or)
tavernCheese,Fromage (2 or)
tavernFowl,Poulet (3 or)
tavernGruel,Gruau (2 or)
tavernPie,Tarte (2 or)
tavernStew,Ragoût (3 or)
pressButtonToFireSpell,Appuyez sur le bouton pour lancer un sort.
climbingMode,Mode Escalade.
rappelMode,Mode de rappel.
hangingMode,Mode de pendaison
acuteHearing,Super audition
adrenalineRush,Poussée d'adrénaline
athleticism,Athlétisme
bonusToHit,Bonus de touche
expertiseIn,Expertise en
immunity,Immunité
increasedMagery,Magie accrue
rapidHealing,Guérison rapide
regenerateHealth,Régénère la Santé
resistance,Résistance
spellAbsorption,Absorption de sort
animals,Animaux
daedra,Daedra
humanoid,Humanoïde
undead,Zombie
axe,Hache
bluntWeapon,Arme contondante
handToHand,Mains nues
longBlade,Lame longue
missileWeapon,Projectile
shortBlade,Lame courte
toDisease,Pour la maladie
toFire,Pour le feu
toFrost,Pour le gel
toMagic,Pour la magie
toParalysis,Pour la paralysie
toPoison,Pour le poison
toShock,Pour la foudre
intInSpellPoints15,"1,5 x INT en points de sort"
intInSpellPoints175,"1,75 x INT en points de sort"
intInSpellPoints2,2 x INT en points de sort
intInSpellPoints3,3 x INT en points de sort
intInSpellPoints,INT en points de sort
general,général
inDarkness,Dans le noir
inLight,À la lumière
whileImmersed,Immergé dans l'eau
criticalWeakness,État critique
damage,Dégâts
darknessPoweredMagery,Magie du noir
forbiddenArmorType,Type d'armure interdit :
forbiddenMaterial,Matériau interdit :
forbiddenShieldTypes,Types de bouclier interdits :
forbiddenWeaponry,Armement interdit :
inabilityToRegen,Impossible de régénérer les points de sort
lightPoweredMagery,Magie de la lumière
lowTolerance,Tolérance faible
phobia,Phobie
fromHolyPlaces,des lieux saints
fromSunlight,de la lumière du soleil
lowerMagicAbilityDaylight,Compétence de magie amoindrie à la lumière du jour
unableToUseMagicInDaylight,Ne peut pas utiliser la magie à la lumière du jour
chain,Maille
leather,Cuir
plate,Plates
adamantium,Adamantium
daedric,Daedrique
dwarven,Nain
ebony,Ébonite
elven,Elfique
iron,Fer
mithril,Mithril
orcish,Orque
silver,Argent
steel,Acier
buckler,Bouclier
kiteShield,Écu
roundShield,Bouclier rond
towerShield,Bouclier
lowerMagicAbilityDarkness,Compétence de magie amoindrie dans le noir
unableToUseMagicInDarkness,Ne peut pas utiliser la magie dans le noir
helpAttributes,Attributs
helpClassName,Nom de la classe
helpGeneral,Général
helpReputations,Réputation
helpSkillAdvancement,Progression de compétence
helpSkills,Compétences
helpSpecialAdvantages,Avantages spéciaux
helpSpecialDisadvantages,Désavantages spéciaux
lower,+ bas
higher,+ haut
unchanged,Inchangé
elsweyr,Elsweyr
blackMarsh,Marais Noir
hammerfell,Hammerfell
highRock,High Rock
morrowind,Morrowind
skyrim,Skyrim
sumurset,Sumurset
valenwood,Valenwood
rollingHills,vallons
desertLand,désert
mountains,montagnes
swamps,marais
forests,forêts
shores,rivages
medical,Médecin
etiquette,Étiquette
streetwise,Argot
jumping,Saut
harpy,Harpie
giantish,Géant
dragonish,Dragon
nymph,Nymphe
aedric,Daedrique
spriggan,Spriggan
centaurian,Centaurien
impish,Impie
lockpicking,Crochetage
mercantile,Marchand
pickpocket,Voleur à la tire
stealth,Furtivité
swimming,Natation
climbing,Escalade
backstabbing,Attaque par derrière
dodging,Esquive
running,Course
destruction,Destruction
restoration,Guérison
illusion,Illusion
alteration,Altération
thaumaturgy,Thaumaturgie
mysticism,Mysticisme
archery,Tir à l'arc
criticalStrike,Coup critique
strength,Force
intelligence,Intelligence
willpower,Volonté
agility,Agilité
endurance,Endurance
personality,Personnalité
speed,Vitesse
luck,Chance
STR,FOR
INT,INT
WIL,VOL
AGI,AGI
END,END
PER,PER
SPD,VIT
LUC,CHA
breton,Breton
redguard,Redguard
darkElf,Elfe Noir
highElf,Haut Elfe
woodElf,Elfe des Bois
khajiit,Khajiit
argonian,Argonian
vampire,Vampire
werewolf,Loup-garou
wereboar,Sanglier-garou
vraseth,Vraseth
haarvenu,Haarvenu
thrafey,Thrafey
lyrezi,Lyrezi
montalion,Montalion
khulari,Khulari
garlythi,Garlythi
anthotis,Anthotis
selenu,Selenu
lockedExteriorDoor,Verrouillée.
canOnlyCastOncePerDay,Ne peut être lancé qu'une seule fois par jour...
youNeedToHuntTheInnocent,Vous avez envie de chasser l'innocent...
youDreamOfTheMoon,Vous rêvez encore de la lune...
inventoryWhileShapechanged,Inventaire inaccessible sous cette forme...
youGetNoResponse,Vous n'obtenez aucune réponse.
copyLogbookInfo,Clic gauche : bascule copie du texte sélectionné. Clic droit : copier toute la conversation courante.
east,est
northeast,nord-est
north,nord
northwest,nord-ouest
west,ouest
southwest,sud-ouest
south,sud
southeast,sud-est
thisPlace,cet endroit
AnyNews,des infos ?
WhereAmI,Où suis-je ?
AnswerTextWhereAmI,Vous êtes dans {0} à {1}.
YouAreInSameBuilding,Vous avez trouvé {0}. Vous êtes dedans.
NpcInSameBuilding,{0} est près d'ici à {1}.
PreviousList,Liste précédente
General,Général
Regional,Régional
Alchemists,Alchimistes
Armorers,Armuriers
Banks,Banques
Bookstores,Librairies
Clothingstores,Magasin de vêtements 
Gemstores,Magasins de cristaux
Generalstores,Bazar
Guilds,Guildes
Libraries,Bibliothèques
Pawnshops,Prêteurs
Taverns,Tavernes
Weaponsmiths,Armuriers
Localtemples,Temples locaux
Sir,Monsieur
Ma'am,Madame
oldLeaderFate0,mort de crise cardiaque
oldLeaderFate1,s'est brisé le cou en tombant
oldLeaderFate2,mort de la peste
oldLeaderFate3,mort écrasé
oldLeaderFate4,fut submergé
oldLeaderFate5,fut trouvé assassiné dans son lit
toBeReplacedStringRegional,N'importe quel
replacementStringRegional,n'importe quel
comma,",  "
resolvingError,...peu importe...
chameleon,Caméléon
charm,Charme
comprehendLanguages,Comprend les langues
continuousDamage,Dégâts continus
createItem,Créer un objet
cure,Guérir
detect,Détecter
disintegrate,Désintègrer
dispel,Annuler un sort
drain,Pomper
elementalResistance,Résistance élémentaire
fortifyAttribute,Renforce attribut
freeAction,Action libre
heal,Guérit
identify,Identifie
invisibility,Invisibilité
levitate,Léviter
light,Allumer
lock,Verrouiller
morphSelf,Se métamorphoser
open,Ouvrir
pacify,Apaiser
paralyze,Paralyser
regenerate,Régénèrer
shadow,Ombre
shield,Bouclier
silence,Silence
slowfall,Chute lente
soulTrap,Piège d'âme
spellReflection,Réflexion de sort
spellResistance,Résistance aux sorts
teleport,Téléporter
transfer,Transférer
waterBreathing,Respiration sous l'eau
waterWalking,Marche sur eau
fire,Feu
frost,Gel
magicka,Magicka
poison,Poison
shock,Choc
enemy,Ennemi
magic,Magie
treasure,Trésor
fatigue,Fatigue
health,Santé
spellPoints,Points de magie
disease,Maladie
paralyzation,Paralysie
animal,Animal
normal,Normal
TRUE,VRAI
noName,<pas de nom>
youDontHaveTheSpellPoints,Vous n'avez pas assez de points de magie...
youAreSilenced,Vous devenez muet.
youAreParalyzed,Vous êtes paralysé.
youFeelDrained,Vous faiblissez.
youAreFortified,Vous êtes fortifié.
youAreInvisible,Vous êtes invisible.
youAreLevitating,Vous lévitez.
youAreRegenerating,Vous vous régénérez.
youAreBlending,Vous fondez.
youAreAShade,Vous êtes une ombre.
slowFallActive,Chute lente active.
saveVersusSpellMade,Arrêt de sort réalisé.
spellEffectFailed,Le sort a été sans effet.
spellAbsorbed,Le sort a été absorbé
spellReflected,Le sort a été réfléchi.
spellResisted,Sort contré.
readyToLock,Prêt à fermer.
readyToOpen,Prêt à ouvrir.
doorLocked,La porte est maintenant fermée.
doorAlreadyLocked,La porte est déjà fermée.
openFailed,Le verrou est trop fort
noSpellbook,Vous n'avez pas de livre de sorts !
sunlightDamageFastTravelDay,Pas de voyage rapide pendant la journée.
trapActive,Piège actif.
trapHumanoid,Le piège est inefficace sur les humanoïdes.
trapSuccess,Âme piégée
trapFail,Le piège a échoué.
trapNoneEmpty,Vous n'avez pas de piège d'âme vide !
stamina,Vigueur
orcStrength,Force d'orque
healing,Guérison
restorePower,Restaurer la Puissance
resistFire,Résiste au feu
resistFrost,Résiste au froid
resistShock,Résiste aux chocs
cureDisease,Guérir maladie
slowFalling,Chute lente
healTrue,Vraie guérison
levitation,Lévitation
resistPoison,Résiste au poison
curePoison,Guérir poison
chameleonForm,Forme caméléon
shadowForm,Forme d'ombre
purification,Purification
LeatherCuirass,Cuirasse en cuir
LeatherGauntlets,Gants en cuir
LeatherGreaves,Jambières en cuir
LeatherLeftPauldron,Épaulière gauche en cuir
LeatherRightPauldron,Épaulière droite en cuir
LeatherHelm,Casque en cuir
LeatherBoots,Bottes en cuir
ChainCuirass,Cotte de maille
ChainGauntlets,Gants en maille
ChainGreaves,Jambières en maille
ChainLeftPauldron,Épaulière en maille gauche
ChainRightPauldron, Épaulière de maille droite
ChainHelm,Casque en maille
ChainBoots,Bottes en maille
SteelCuirass,Cuirasse en acier
SteelGauntlets,Gants en acier
SteelGreaves,Jambières en acier
SteelLeftPauldron,Épaulière gauche en acier
SteelRightPauldron,Épaulière droite en acier
SteelHelm,Casque en acier
SteelBoots,Bottes en acier
SteelBuckler,Bouclier en acier
SteelDagger,Dague en acier
SteelLongsword,Épée en acier
SteelStaff,Bâton en acier
ShortBow,Arc court
Arrows,Flèches
SteelBattleAxe,Hache de combat en acier
Robes,Robes
CastWhenUsed,Lancé quand utilisé :
CastWhenHeld,Lancé quand tenu :
CastWhenStrikes,Lancé quand frappé :
ExtraSpellPts,Points de magie supplémentaires
PotentVs,Fort contre
RegensHealth,Régénère la santé
VampiricEffect,Effet vampirique
IncreasedWeightAllowance,Capacité de portage augmentée
RepairsObjects,Répare les objets
AbsorbsSpells,Absorbe les sorts
EnhancesSkill,Augmente la compétence
FeatherWeight,Poids plume
StrengthensArmor,Renforce armure
ImprovesTalents,Augmente les talents
GoodRepWith,Bonne rép. avec
SoulBound,Ame liée
ItemDeteriorates,L'objet se détériore
UserTakesDamage,L'utilisateur encaisse des dégâts
VisionProblems,Problèmes de vision
WalkingProblems,Difficulté à marcher
LowDamageVs,Peu de dégâts contre
HealthLeech,Pompe la santé
BadReactionsFrom,Sales réactions de
ExtraWeight,Poids supplémentaire
WeakensArmor,Affaiblit armure
BadRepWith,Mauvaise rep. avec
inHolyPlaces,dans les lieux saints
wheneverUsed,n'importe quand
unlessUsedDaily,sauf si utilisé quotidiennement
unlessUsedWeekly,sauf si utilisé chaque semaine
fromHumanoids,des humanoïdes
fromAnimals,des animaux
fromDaedra,d'un Daedra
duringWinter,en hiver
duringSpring,au printemps
duringSummer,en été
duringFall,en automne
duringFullMoon,à la pleine lune
duringHalfMoon,à mi-lune
duringNewMoon,à la nouvelle lune
nearUndead,près de zombies
nearDaedra,près de Deadra
nearHumanoids,près d'humanoïdes
nearAnimals,près d'animaux
undeadLower,zombie
humanoidLower,humanoïde
animalsLower,animaux
animalsUpper,Animaux
allTheTime,toujours
inSunlight,au soleil
inDarknessLower,dans le noir
atRange,à portée
whenStrikes,si touché
add25Percent,25 % de plus
add50Percent,50% de plus
hearing,audition
athleticismLower,athlétisme
adrenalineRushLower,poussée d'adrénaline
commoners,Roturiers
merchants,Marchands
scholars,Érudits
nobility,Noblesse
underworld,Bas-fonds
all,Tous
noRoomInItem,Pas de place...
noEnchantments,Vous n'avez pas préparé d'enchantement pour cet objet.
noMonstersNearby,Pas de monstre aux alentours.
Fire,Feu
Frost,Gel
Poison,Poison
Shock,Choc
Magicka,Magicka
Animal,Animal
Undead,Zombie
Humanoid,Humanoïde
Daedra,Daedra
dialogButtonInfo,"Bascule entre : quêtes actives, quêtes terminées, calepin, messages"
activeQuests,Quêtes actives
activeQuestsInfo,Cliquer sur une quête active qui a un lieu cible pour initier un voyage.
finishedQuests,Quêtes terminées
finishedQuestsInfo,Cliquer sur une entrée pour la déplacer. Clic droit pour supprimer.
notebook,Calepin
notebookInfo,Cliquer sur une note pour la déplacer. Clic droit pour supprimer. Cliquer un endroit libre pour ajouter une nouvelle note.
messages,Messages
messagesInfo,Historique des messages montrés récemment à l'écran
confirmMoveHead,Déplacer l'entrée
confirmMove,Voulez-vous modifier la position de cette entrée ?
confirmMove2,(Elle sera déplacée avant la prochaine entrée cliquée)
confirmRemoveHead,Supprimer l'entrée
confirmRemove,Confirmez-vous vouloir supprimer cette entrée ?
confirmRemove2,(Elle sera supprimée définitivement et ne pourra pas être restaurée)
confirmFindHead,Voyager vers un lieu
confirmFind,Voulez-vous ouvrir la carte du monde pour voyager vers :
confirmFind2,(Nota : vous pouvez annuler le voyage depuis la carte du monde)
enterNote,Saisir votre note :
completedQuest,terminé
endedQuest,fini
finishQuestHeader,{0} {1} à {2} :
quest,Quête
noteHeader,{0} à {1}:
houseDeed,"Vous atteignez l'objectif et possédez désormais une maison dans %town, région %region."
levelProgress,Avancée vers le prochain niveau : {0} %
readMap,Vous avez trouvé le lieu où se trouve %map en étudiant la carte.
readMapTG,La guilde des voleurs a révélé l'endroit bien gardé d'une antre au trésor appelée %map.
readMapDB,La Confrérie Noire a révélé le secret de cryptes emplies de trésors dans un endroit appelé %map.
readMapFail,Vous avez déjà découvert l'endroit indiqué sur cette carte.
howManyItems,Prendre combien d'objets (max {0}) ?
wagonFullGold,Votre chariot ne peut contenir que {0} pièces d'or.
itemsIdentified,Objets identifiés
repairDone,FAIT
repairDays,%d jours
interruptRepair,Reprendre cet objet avant qu'il ne soit réparé ?
repairNote,Laisser mon {0} à réparer à {1}.
doesntNeedIdentify,Ceci n'a pas besoin d'être identifié.
goldAmount,{0} pièces d'or
goldWeight,poids : {0} kg
letterOfCredit,Vous recevez votre dû via une lettre de crédit.
stealSuccess,Vous avez réussi.
stealFailure,Vous avez échoué...
cannotRemoveItem,Vous ne pouvez pas enlever cet objet.
cannotCarryAnymore,Vous ne pouvez pas porter plus.
cannotHoldAnymore,Votre chariot est plein.
cannotUseThis,Vous ne pouvez pas utiliser cela.
equippingWeapon,Équipe %s
lightDouse,Vous trempez le %it.
lightLight,Vous allumez le %it.
lightDies,Votre %it clignote et meurt.
lightEmpty,Votre %it n'a plus de combustible.
lightRefuel,Vous remplissez votre %it avec une bouteille d'huile.
lightFull,Votre %it est plein.
kgSrc,kilos
kgRep,kg
damSrc,points de dégâts
damRep,dégâts
arSrc,Valeur d'armure
arRep,armure
northern,(vers le nord)
southern,(vers le sud)
noWagon,Vous n'avez pas de chariot.
exitTooFar,La sortie est trop loin pour que vous puissiez accéder à votre chariot.
bookUnavailable,Le livre est en lambeaux et désormais illisible.
unknownAuthor,auteur inconnu
cannotDeleteVamp,Impossible de supprimer les sorts spéciaux de vampire.
cannotDeleteWere,Impossible de supprimer le sort spécial de lycanthropie.
noRecipes,Vous n'avez pas de récipient.
potionMixed,Votre potion est mélangée.
potionFailed,Ces ingrédients n'ont pas permis de réaliser une potion fonctionnelle.
reqIngredients,Vous n'avez pas les ingrédients requis.
region,Région
account,Compte
loan,Emprunt
dueDate,Date de remboursement du prêt
noAccount,Aucun
loanReminder,Vous devez rembourser un emprunt de {0} pièces d'or dans
loanReminder2,moins de {0} mois à {1}
classicIcons,Classique
suggestedIcons,Suggéré
serviceMembersOnly,Mes services sont réservés aux membres.
serviceDonateHowMuch,Donner combien d'argent :
curedDisease,Vous êtes guéri.
freeHolidayCuring,Votre guérison est gratuite en ce jour férié.
gettingQuests1,Hum... Voyons quelles tâches nous avons de disponibles.
gettingQuests2,"Veuillez patienter un moment, %pcf."
illegalRestWarning,Il est interdit de camper dans ou à proximité d'une ville. On continue ?
cannotLoiterMoreThanXHours1,Vous ne pouvez pas vous attarder plus
cannotLoiterMoreThanXHours2,de {0} heures à la fois.
automapToolTipTextGridButton,Clic gauche : bascule entre vue de dessus 2D et vue 3D (touche {0})\\rClic droit : réinitialiser l'axe de rotation à la position du joueur (touche {1})\\rRoue de souris haut sur bouton : incliner la perspective (mode 3D)\\rRoue de souris bas sur bouton : décliner la perspective (mode 3D)
automapToolTipForwardButton,Clic gauche : déplacer le point de vue vers l'avant (touche {0})\\rClic droit : déplacer l'axe de rotation vers l'avant (touche{1})
automapToolTipBackwardButton,Clic gauche : déplacer le point de vue vers l'arrière (touche {0})\\rClic droit : déplacer l'axe de rotation vers l'arrière (touche{1})
automapToolTipLeftButton,Clic gauche : déplacer le point de vue vers la gauche (touche {0})\\rClic droit : déplacer l'axe de rotation vers la gauche (touche{1})
automapToolTipRightButton,Clic gauche : tourner le point de vue vers la droite (touche {0})\rClic droit : tourner l'axe de rotation vers la droite (touche {1})
automapToolTipRotateLeftButton,Clic gauche : tourner le donjon vers la gauche (touche {0})\\rClic droit : tourner la caméra vers la gauche (touche {1})
automapToolTipRotateRightButton,Clic gauche : tourner le donjon vers la droite (touche {0})\\rClic droit : tourner la caméra vers la droite (touche {1})
automapToolTipUpstairsButton,Clic gauche : augmenter le point de vue (touche {0})\\rClic droit : augmenter inclinaison du niveau (touche {1})\\rLe niveau d'inclinaison peut aussi être ajusté en appuyant sur le bouton du milieu\\r\\rAstuce : des modes de rendu différents peuvent montrer des endroits cachés :\\rTouche {2} : mode découpe\\rTouche {3} : mode fil-de-fer\\rTouche {4} : mode transparent\\rBasculer entre les modes avec la touche Retour\\r
automapToolTipDownstairsButton,Clic gauche : abaisser le point de vue (touche {0})\\Clic droit : diminuer le niveau d'inclinaison (touche {1})\\rLe niveau d'inclinaison peut aussi être ajusté en tenant appuyé le bouton du milieu\\rAstuce : des modes de rendu différents peuvent montrer des endroits cachés :\\rTouche {2} : mode découpe\\rTouche {3} : mode fil-de-fer\\rTouche {4} : mode transparent\\rBasculer entre les modes avec la touche Retour\\r
automapToolTipPanelCompass,"Clic gauche : bascule le focus (touche {0})\\rBalises : rouge... joueur, vert... entrée, bleu... axe de rotation\\rClic droit : réinitialiser la vue (touche {1})\\rDouble clic gauche dans fenêtre pour créer et éditer une note de marqueur\\rDouble clic gauche + CTRL dans fenêtre pour créer un marqueur\\rDouble clic sur un marqueur pour ajouter ou éditer une note\\rDouble clic droit sur un marqueur pour le supprimer\\rDouble clic droit dans fenêtre pour positionner l'axe de rotation\\rDouble clic bouton milieu dans fenêtre pour centrer la vue\\Double clic gauche sur un portail découvert pour sauter\\rau portail de téléportation connecté"
automapPlayerPositionBeacon,balise de position du joueur
automapRotationPivotAxis,Axe de rotation
automapEntranceExitPositionBeacon,balise de position entrée/sortie
automapEntranceExit,entrée/sortie
automapPlayerMarker,marqueur du joueur
automapTeleporterEntrance,téléporteur (entrée)
automapTeleporterExit,téléporteur (sortie)
exteriorAutomapBuildingTypeAlchemist,Alchimiste
exteriorAutomapBuildingTypeArmorer,Armurier
exteriorAutomapBuildingTypeBank,Banque
exteriorAutomapBuildingTypeBookseller,Libraire
exteriorAutomapBuildingTypeClothingStore,Magasin de vêtements
exteriorAutomapBuildingTypeFurnitureStore,Fournitures
exteriorAutomapBuildingTypeGemStore,Joaillerie
exteriorAutomapBuildingTypeGeneralStore,Bazar
exteriorAutomapBuildingTypeGuildHall,Grand-salle de guilde
exteriorAutomapBuildingTypeHouseForSale,Maison à vendre
exteriorAutomapBuildingTypeLibrary,Bibliothèque
exteriorAutomapBuildingTypePalace,Palais
exteriorAutomapBuildingTypePawnShop,Prêteur sur gages
exteriorAutomapBuildingTypeTavern,Taverne
exteriorAutomapBuildingTypeTemple,Temple
exteriorAutomapBuildingTypeWeaponSmith,Forgeron
exteriorAutomapBuildingTypeUnknown,Inconnu
exteriorAutomapToolTipTextGridButton,"Clic gauche : basculer vers le mode de vue suivant (touche : {0})\\rLes différents modes de vue sont :\\r- Originale (touche {1})\\r- Extra: avec bâtiments supplémentaires (touche {2})\\r- Tout : inclus les bâtiments supplémentaires, bâtiments au sol (touche {3})\\rChanger les textures de sol avec {4}, {5}, {6}, {7}"
exteriorAutomapToolTipForwardButton,Clic gauche : se déplacer vers le haut (touche : {0})\\rClic droit : se déplacer vers la bordure nord (touche {1})
exteriorAutomapToolTipBackwardButton,Clic gauche : se déplacer vers le bas (touche : {0})\\rClic droit : se déplacer vers la bordure sud (touche {1})
exteriorAutomapToolTipLeftButton,Clic gauche : se déplacer vers la gauche (touche : {0})\\rClic droit : se déplacer vers la bordure ouest (touche {1})
exteriorAutomapToolTipRightButton,Clic gauche : se déplacer vers la droite (touche : {0})\\rClic droit : se déplacer vers la bordure est (touche {1})
exteriorAutomapToolTipRotateLeftButton,Clic gauche : tourner la carte vers la gauche (touche : {0})\rClic droit : tourner la carte autour de la position du joueur\rvers la gauche (touche : {1})
exteriorAutomapToolTipRotateRightButton,Clic gauche : tourner la carte vers la droite (touche : {0})\rClic droit : tourner la carte autour de la position du joueur\rvers la droite (touche: {1})
exteriorAutomapToolTipUpstairsButton,Clic gauche : zoom + (touche : {0})\rClic droit : zoom maximum
exteriorAutomapToolTipDownstairsButton,Clic gauche : zoom - (touche {0})\rClic droit : zoom minimum
exteriorAutomapToolTipPanelCompass,Clic gauche : centrer sur la position du joueur (touche{0})\\rClic droit : réinitialiser la vue (touche {1})
loading,Attendez SVP...
classicSave,Classique
cancel,Annuler
renameSave,Renommer
deleteSave,Supprimer
switchChar,Autre personnage
savePrompt,Sauvegarder la partie
loadPrompt,Charger une partie
saveButton,Sauvegarder
loadButton,Charger
enterSaveName,Saisir le nom de la sauvegarde :
selectSaveName,Choisir une sauvegarde
confirmDeleteSave,Confirmez-vous la suppression de la sauvegarde ?
confirmOverwriteSave,Écraser cette sauvegarde ?
youMustEnterASaveName,Vous devez entrer un nom de sauvegarde.
youMustSelectASaveName,Vous devez choisir un nom de sauvegarde.
noSavesFound,Aucune sauvegarde trouvée. Charger une sauvegarde classique ?
cannotSaveNow,Vous ne pouvez pas sauvegarder maintenant.
addEffect,Ajouter un effet
buySpell,Acheter un sort
newSpell,Nouveau sort
exit,Sortie
casterOnly,Lanceur seulement
byTouch,Au toucher
singleTargetAtRange,Cible simple à portée
areaAroundCaster,Zone autour du lanceur
areaAtRange,Zone de portée
fireBased,À base de feu
coldBased,À base de froid
poisonBased,À base de poison
shockBased,À base d'éclair
magicBased,À base de magie
selectIcon,Choisir une icône
nextIcon,Icône suivante
previousIcon,Icône précédente
nameSpell,Nom du sort
enterSpellName,Saisir le nom du sort :
noEffectsError,Vous devez ajouter au moins un effet à ce sort.
deleteSpell,Voulez-vous supprimer ce sort ?
sortSpells,Voulez-vous trier les sorts ?
effectNotFoundError,<effet non trouvé>
noItemToActivate,Vous n'avez pas d'objet magique à utiliser
Akatosh,Akatosh
Arkay,Arkay
Dibella,Dibella
Julianos,Julianos
Kynareth,Kynareth
Mara,Mara
Stendarr,Stendarr
Zenithar,Zenithar
removeKeybind,Confirmez-vous vouloir enlever la touche {0} ('{1}') ?
nord,Nordique
settingsNotApplied,Nota : certains changements ne seront appliqués qu'après avoir redémarré le jeu.
doneButton,Fait
temple,temple
unknownPowers,Pouvoirs inconnus
cannotBeRepaired,Ceci ne peut pas être réparé.
youNeverAwaken,Vous ne vous réveillez jamais.
modSettings,Paramètres du mod
gameEffectsSettings,Paramètres des effets
antialiasing,Antialiasing
ambientOcclusion,Occlusion ambiante
bloom,Flou lumineux
motionBlur,Flou cinétique
vignette,Vignette
depthOfField,Profondeur de champ
antialiasingTip,Donner une apparence plus douce
enable,Activé
fxaa,FXAA
smaa,SMAA
taa,TAA
none,Aucun
method,Méthode
fxaaFastMode,Mode FXAA rapide
low,Bas
medium,Moyen
high,Haut
smaaQuality,Qualité SMAA
taaSharpness,Précision TAA
disabled,Désactivé
setPageDefaults,Valeurs par défaut dans la page
ambientOcclusionTip,Foncer les creux et les trous
scalableAmbientObscurance,Scalable Ambient Obscurance
multiScaleVolumetricObscurance,Multi Scale Volumetric Obscurance
scalableAmbient,Scalable Ambient
multiScaleVolumetric,MultiScale Volumetric
intensity,Intensité
lowest,La plus basse
ultra,Ultra
radius,Rayon
quality,Qualité
thickness,Épaisseur
bloomTip,Faire briller les zones lumineuses
threshold,Seuil
diffusion,Diffusion
bloomFastMode,Mode flou rapide
motionBlurTip,Simule les objets se déplaçant plus vite que l'exposition de la caméra
shutterAngle,Angle d'ouverture
sampleCount,Comptage des échantillons
vignetteTip,Obscurcit vers les bords de l'écran
smoothness,Douceur
roundness,Rondeur
rounded,Arrondi
depthOfFieldTip,Simule la mise au point des lentilles photographiques
focusDistance,Distance de mise au point
aperture,Ouverture
focalLength,Longueur de la focale
maxBlurSize,Taille max du flou
small,Petit
large,Grand
veryLarge,Très grand
ditherTip,Créer du bruit pour réduire les grands motifs comme les bandes de couleur
dither,Diffusion d'erreur
colorBoost,ColorBoost
colorBoostTip,Vivifie les couleurs près de la caméra
dungeonScale,Échelle du donjon
interiorScale,Échelle de l'intérieur
exteriorScale,Échelle de l'extérieur
dungeonFalloff,Descente du donjon
retroMode,Mode rétro
retroModeTip,Affiche le monde en basse résolution
mode,Mode
retroModeOff,Coupé
retroMode320x200,320x200
retroMode640x400,640x400
off,Coupé
posterizationFull,Postérisation (complète)
posterizationMinusSky,Postérisation (- ciel)
palettizationFull,Palettisation (complète)
palettizationMinusSky,Palettisation (- ciel)
postProcess,Postprocessing
retroModeAspectCorrection,Correction du ratio de l'image
FourThree,4:3
SixteenTen,16:10
notEnoughSpellpointsLeft,Pas assez de points de sort restants.
totalIdentified,{0} de {1} identifiés.
dispelMagicSuccess,Annulation de la magie réussie...
dispelMagicFailed,Annulation de la magie ratée...
smallerDungeonsChanged,L'option donjons plus petits a changé pendant que vous étiez à l'intérieur. Joueur déplacé à la sortie du donjon.
youNote,Vous remarquez : 
customName,Nom personnalisé : 
StoresA,"<> de %ef
Meilleur <> de %cn
le <> Indispensable
<> de Lord %ef
le <> de le Aventurier
le <> Surprenant
<> Raffiné de %ef
<> Négocié
<> Traditionnel
le <> de le Empereur
<> de %cn
<> Général de %ef
le <> Supérieur
<> de Qualité de %ef
<> de Première Classe
le <> de %rt
le <> Inégalé
<> de le Docteur %ef
<> de Dame %ef"
GeneralStoresB,"Vivres
Épicerie
Outils
Outillage
Équipement
Magasin d'Équipement
Droguerie
Provisions
Commerce
Bazar
Dépôt
Comptoir
Marché
Quincaillerie
Entrepôt"
WeaponStoresB,"Armes
Armement
Armes
Armement
Arsenal
Armurier
Épées
Forgeron
Métallurgie
Fourbisseur"
ArmorStoresB,"Armurerie
Mailles
Protections
Armures
Boucliers
Égide
Ferronnerie
Forgeron
Métallurgie
Armurier
Forge
Chaudronnerie"
BookStoresB,"Livres
Librairie
Bouquiniste
Marchand de Livres
Centre de Documentation
Presse
Étal de Livres
Incunables"
LibraryStoresB,"Bibliothèque
Salle de Lecture
Athénée
Bibliothèque Publique
Archives
Salle de Lecture
Séminaire
Lycée"
ClothingStoresB,"Habillement
Vêtements
Habits
Uniformes
Costumes
Robes
Tenues
Mode
Couturier
Ensembles
Parures"
AlchemyStoresB,"Herbes
Herbes Médicinales
Épices
Remèdes
Antidotes
Physique
Médecines
Potions
Teintures
Médicaments
Élixirs
Pharmacie
Apothicaire
Onguents
Agents Médicinaux
Jardin Médicinal
Pharmacopée
Chimie
Produits Chimiques
Cornue
Alchimie
Solutions Alchimiques
Métallurgie"
GemStoresB,"Gemmes
Pierres Précieuses
Joaillerie
Bijoux
Pierres Fines
Bijouterie
Joailler
Boîte à Bijoux
Boutique de Bijoux
Tailleur de Gemmes"
PawnStoresB,"Prêteur sur Gages
Mont-de-Piété
Fournitures Usagées
Occasions
Équipement Usagé
Secondes Mains
Crédit sur Gages
Antiquités"
FurnitureStoresB,"Meubles
Mobilier
Décoration d'intérieur
Ameublement
Décoration
Charpentier
Menuiserie
Artisan
Marqueterie"
LivestockStoresB,"Livestock
Breeders
Farm Animals
Beasts
Creatures
Game
Animalia
Fauna
Menagerie"
TavernsA,"le <> de le Reine
le <> de le Roi
le <> Sale
le <> Noir
le Taupe et le <>
le <> Vert
le <> Rouge
le <> Doré
le <> Blanc
le <> Argenté
le <> Cramoisi
le <> Volant
le <> Dansant
le <> Riant
le <> Agité
le <> Assoiffé
le <> Malchanceux
le <> Chanceux
le <> de le Diable
le <> Rouillé
le <> Hurlant
le <> Criant
le Chauve-Souris et le <>
le Lion et le <>
le Lynx et le <>
le Nain et le <>
le Castor et le <>
le Renard et le <>
le Souris et le <>
le Cochon et le <>
le Plume et le <>
le Crapaud et le <>
le Rat et le <>
le <> Sauvage
le Valet et le <>
le <> Mort"
TavernsB,"Gouffre
Chope
Puits
Chat
Chien
Gobelin
Griffon
Dragon
Ogre
Géant
Djinn
Loup
Chasseur
Dague
Crâne
Épée
Garde
Donjon
Casque
Château
Cruche
Oiseau
Gnome
Hérisson
Rat Musqué
Marmotte
Scorpion
Blaireau
Chèvre
Porc-Épic
Prêtre
Faon
Cerf
Barbare
Vaurien
Fée"
houseForSale,Maison à vendre
theBankOf,La banque de
daggerfall,Daggerfall
wayrest,Wayrest
sentinel,Sentinel
palace,Palace
regionNames,"Alik'r Desert
Dragontail Mountains
Glenpoint Foothills
Daggerfall Bluffs
Yeorth Burrowland
Dwynnen
Ravennian Forest
Devilrock
Malekna Forest
Île de Balfiera
Bantha
Dak'fron
Islands in the Western Iliac Bay
Tamarilyn Point
Lainlyn Cliffs
Bjoulsae River
Wrothgarian Mountains
Daggerfall
Glenpoint
Betony
Sentinel
Anticlere
Lainlyn
Wayrest
Gen Tem High Rock village
Gen Rai Hammerfell village
Orsinium Area
Skeffington Wood
Hammerfell bay coast
Hammerfell sea coast
High Rock bay coast
High Rock sea coast
Northmoor
Menevia
Alcaire
Koegria
Bhoriane
Kambria
Phrygias
Urvaius
Ykalon
Daenia
Shalgora
Abibon-Gora
Kairou
Pothago
Myrkwasa
Ayasofya
Tigonus
Kozanset
Satakalaam
Totambu
Mournoth
Ephesus
Santaki
Antiphyllos
Bergama
Gavaudon
Tulune
Glenumbra Moors
Ilessan Hills
Cybiades"
ocean,Océan
unknownUpper,Inconnu
switchToRegion,Basculer vers la région {0}
locationInRegionProvince,{0} est dans la province {1}
dayNames,"sundas
morndas
tirdas
middas
turdas
fredas
loredas"
monthNames,"primétoile
clairciel
semailles
ondepluie
plantaisons
mi-l'an
hautzénith
vifazur
âtrefeu
soufflegivre
sombreciel
soirétoile"
birthSignNames,"Le rituel
L'amoureux
Le seigneur
Le mage
L'ombre
L'attelage
L'apprenti
Le guerrier
La dame
La tour
L'atronach
Le voleur"
seasonNames,"Automne
Printemps
Été
Hiver"
longDateTimeFormatString,"{0:00}:{1:00}:{2:00} le {3} {4} {6:00}, 3E{7}"
dateTimeFormatString,"{0:00}:{1:00}:{2:00} le {3} {4} {5:00}, 3E{6}"
dateFormatString,{0} {1} {3:00}
ingredientFormatString,{0} {1}
longWeaponNameFormatString,{1} en {0}
longArmorNameFormatString,{1} en {0}
strRatings,"pathétique
frêle
faible
pas terrible
dans la moyenne
plutôt fort
athlétique
très fort
puissant
surhumain"
intRatings,"comme unlégume
idiot
bas du plafond
pas très malin
dans la moyenne
astucieux
plutôt intelligent
très intelligent
brillant
génial"
wilRatings,"inepte
soumis
passif
distrait
peu affirmatif
stable
confiant
forte volonté
très concentré
éclairé"
agiRatings,"nul
lourdaud
pataud
maladroit
dans la moyenne
alerte
agile
adroit
très agile
acrobatique
"
endRatings,"maladif
pitoyable
chancelant
inégale
dans la moyenne
supérieure à la moyenne
en très bonne santé
hardi
titanesque
immortel"
perRatings,"haïssable
impopulaire
anonyme
sans éclat
quelconque
intéressant
charmant
remarquable
autoritaire
charismatique"
spdRatings,"inactif
dans l'immobilisme
très lent
lent
dans la moyenne
supérieur à la moyenne
rapide
pied-léger
aussi rapide que l'éclair
météorique"
lucRatings,"maudit
sans espoir
malchanceux
pas très chanceux
dans la moyenne
plutôt chanceux
chanceux
favorisé
sous de bons auspices
favorisé par les dieux"
